alpha,state,chi,omega_real_M,gamma_M,cf_residual,saturation_residual,truncation,converged,message
0.1,21+1,0.38416681789681867,0.09987367262695772,3.0682667543940727e-19,1.2978772352665857e-13,1.3877787807814457e-15,400,True,ok; direction_difference=0.000e+00
0.1,32+2,0.19791155474884012,0.0999442317375743,1.098207072157345e-21,6.429689994204276e-12,0.0,400,True,ok; direction_difference=0.000e+00
0.1,43+3,0.13270216768783888,0.09996868936896305,6.398864384719125e-20,3.0365529453163575e-11,1.3877787807814457e-17,400,True,ok; direction_difference=0.000e+00
0.125,21+1,0.46976348971362125,0.12475180800821226,-3.9108124137721556e-19,1.6011431525167177e-13,9.83935155574045e-15,400,True,ok; direction_difference=0.000e+00
0.125,32+2,0.24594549892517442,0.12489084434541421,-3.667863438706498e-21,3.1839741776107983e-12,2.7755575615628914e-17,400,True,ok; direction_difference=0.000e+00
0.125,43+3,0.16543729483964664,0.12493877990648387,2.8085785251561382e-21,9.766414072576003e-12,4.163336342344337e-17,400,True,ok; direction_difference=0.000e+00
0.15,21+1,0.5491343012133714,0.14956803799874233,8.54774577267869e-19,1.3648656323231638e-13,0.0,400,True,ok; direction_difference=0.000e+00
0.15,32+2,0.2930448793705011,0.14981088703024412,-6.913750923263973e-21,1.4833377839739282e-11,2.7755575615628914e-17,400,True,ok; direction_difference=0.000e+00
0.15,43+3,0.19788272838955467,0.14989407135020338,7.001651442033206e-21,1.844653443977089e-11,2.7755575615628914e-17,400,True,ok; direction_difference=0.000e+00
0.175,21+1,0.6216782805117498,0.17430824855759772,-1.8477092331197226e-19,1.0403138459061624e-13,2.7755575615628914e-17,400,True,ok; direction_difference=0.000e+00
0.175,32+2,0.33904986037164353,0.1746987736748903,-7.605880356936965e-20,5.306467935129693e-13,5.551115123125783e-16,400,True,ok; direction_difference=0.000e+00
0.175,43+3,0.22998438294690704,0.17483152622260806,1.087151997556936e-20,1.7832846317380593e-11,2.7755575615628914e-17,400,True,ok; direction_difference=0.000e+00
0.2,21+1,0.6870453082262964,0.198957346104401,-2.1787867805589646e-19,2.371334106036063e-13,0.0,400,True,ok; direction_difference=0.000e+00
0.2,32+2,0.38381417168437565,0.19954877071047114,1.5063517378659475e-20,6.599183443793433e-13,2.7200464103316335e-15,400,True,ok; direction_difference=0.000e+00
0.2,43+3,0.2616901964540883,0.19974806497299463,-9.65430961279194e-21,6.170173242486434e-12,2.7755575615628914e-17,400,True,ok; direction_difference=0.000e+00
0.22499999999999998,21+1,0.7451164771597604,0.22349904613622995,1.0229775757251893e-18,1.5564369052414258e-14,2.225997164373439e-14,400,True,ok; direction_difference=0.000e+00
0.22499999999999998,32+2,0.42720644409330955,0.22435497311504574,-1.0924952865932557e-18,2.792835336615845e-13,1.1268763699945339e-14,400,True,ok; direction_difference=0.000e+00
0.22499999999999998,43+3,0.29295040433420133,0.22464055919038659,-7.401057300805097e-21,8.096635135578881e-12,1.3877787807814457e-16,400,True,ok; direction_difference=0.000e+00
0.25,21+1,0.7959734945938708,0.24791561944249552,1.2468486924491086e-18,1.3352131981518856e-14,2.7755575615628914e-17,400,True,ok; direction_difference=0.000e+00
0.25,32+2,0.4691111948076628,0.24911128042320868,4.374942660528754e-20,5.333195468208297e-14,2.0261570199409107e-14,400,True,ok; direction_difference=0.000e+00
0.25,43+3,0.32371778693968384,0.24950582490632753,1.412445037859024e-20,2.6358396170270165e-12,4.996003610813204e-16,400,True,ok; direction_difference=0.000e+00
0.275,21+1,0.839861984452313,0.27218757483346534,-2.808646006172036e-18,4.0204014484678726e-14,0.0,400,True,ok; direction_difference=0.000e+00
0.275,32+2,0.5094294595450874,0.27381137257984556,-2.067181185407021e-20,3.7530553906153084e-13,0.0,400,True,ok; direction_difference=0.000e+00
0.275,43+3,0.35394788809371,0.2743406159907823,3.748174770567114e-20,8.739675828359141e-12,1.4432899320127035e-15,400,True,ok; direction_difference=0.000e+00
0.3,21+1,0.8771530275949109,0.2962932484797508,-2.3753486798599626e-18,4.322463690925433e-14,1.176836406102666e-14,400,True,ok; direction_difference=0.000e+00
0.3,32+2,0.5480790804374219,0.2984486854141257,-6.000582621666261e-20,5.866418462119327e-13,0.0,400,True,ok; direction_difference=0.000e+00
0.3,43+3,0.38359920305655254,0.2991416176408976,-1.3740592082362514e-20,3.97254824491636e-12,4.163336342344337e-15,400,True,ok; direction_difference=0.000e+00
0.32499999999999996,21+1,0.9083063391388978,0.3202082556726803,4.061275138867999e-19,2.575998242105294e-14,0.0,400,True,ok; direction_difference=0.000e+00
0.32499999999999996,32+2,0.584994669680646,0.32301638544988115,1.8778153004598738e-19,4.733676517309259e-13,0.0,400,True,ok; direction_difference=0.000e+00
0.32499999999999996,43+3,0.4126333348006423,0.3239054399586606,1.1178349923328492e-19,1.971756091734278e-13,1.0658141036401503e-14,400,True,ok; direction_difference=0.000e+00
0.35,21+1,0.9338374008792171,0.3439047363851468,-1.570202710377207e-18,1.8927999584161994e-14,1.73749903353837e-14,400,True,ok; direction_difference=0.000e+00
0.35,32+2,0.6201272777429633,0.3475073437059239,3.3671703608727863e-18,3.599960674715383e-13,0.0,400,True,ok; direction_difference=0.000e+00
0.35,43+3,0.4410151180265187,0.34862861160960706,-1.247656401762142e-19,3.6555702425123575e-12,2.5923707624997405e-14,400,True,ok; direction_difference=0.000e+00
0.375,21+1,0.9542898557486134,0.36735028199173203,2.7804371546123106e-19,6.739057083193612e-14,5.551115123125783e-17,400,True,ok; direction_difference=0.000e+00
0.375,32+2,0.6534438016821429,0.37191410807409336,6.260179416903786e-19,5.512572482420521e-15,0.0,400,True,ok; direction_difference=0.000e+00
0.375,43+3,0.4687127108838805,0.3733075735507228,9.341855694684157e-20,2.854373986606104e-13,3.1030733538273125e-14,400,True,ok; direction_difference=0.000e+00
0.4,21+1,0.9702136571099393,0.39050634616849833,4.248340577479205e-18,1.2053257608922886e-14,0.0,400,True,ok; direction_difference=0.000e+00
0.4,32+2,0.6849261736345013,0.39622887379271216,3.841210643023385e-18,8.674800140674025e-14,2.736699755701011e-14,400,True,ok; direction_difference=0.000e+00
0.4,43+3,0.4956976548645012,0.3979386728116051,-6.0058382524502525e-19,3.879883573478238e-12,0.0,400,True,ok; direction_difference=0.000e+00
0.42499999999999993,21+1,0.9821489051247918,0.41332576814455807,7.809609985778311e-19,6.842847071145582e-16,1.1102230246251565e-16,400,True,ok; direction_difference=0.000e+00
0.42499999999999993,32+2,0.7145703718844809,0.42044345145666245,-2.8681540875468574e-19,1.9820810079827189e-13,1.1102230246251565e-15,400,True,ok; direction_difference=0.000e+00
0.42499999999999993,43+3,0.5219449037998143,0.42251815630884526,1.7100781626374008e-19,9.574787340276638e-13,5.551115123125783e-17,400,True,ok; direction_difference=0.000e+00
0.45,21+1,0.9906150142830604,0.43574863306077766,-5.673164322648961e-18,5.611121179137118e-15,1.6653345369377348e-16,400,True,ok; direction_difference=0.000e+00
0.45,32+2,0.7423852972954041,0.44454923191955215,7.948916856419267e-19,3.630307373973998e-15,3.397282455352979e-14,400,True,ok; direction_difference=0.000e+00
0.45,43+3,0.5474328233088946,0.44704216466950614,-6.114122711730853e-19,2.572166670546016e-12,0.0,400,True,ok; direction_difference=0.000e+00
